uuid,Spotted_by,change_type,indicator,Current_value,new_value,Issue
ID-1,Amos,change_response,project_status,ongoing_project,ongoing project,
ID-1,Amos,remove_response,Implementing partner,"None, None",,
ID-1,Amos,change_response,Activities conducted,"other, other, none, none, procure_wash_infrastructure hygiene_promotion_sensitization other, none, none,  none, compensation_responders","other, other, procure_wash_infrastructure hygiene_promotion_sensitization other, compensation_responders",
ID-104,Amos,remove_response,Implementing partner,"None, None, None, None",,
ID-1,Amos,change_response,regions,westnile,Westnile,
ID-1,Amos,change_response,districts,yumbe,Yumbe,
ID-100,Mathias/JP,remove_survey,,,,still_proposing
ID-100,Mathias/JP,remove_survey,,,,
ID-102,Mathias/JP,change_response,donor,internal_funds,"Internal_funds, Netherlands, Finish, Denmark",
ID-102,Mathias/JP,change_response,funding_amount,100000,350000,
ID-104,Amos,change_response,donor,eu,European Union (EU),
ID-104,Amos,change_response,project_status,new_project,new project,
ID-105,Amos,remove_response,Implementing partner,"None, none, None, none",,
ID-104,Amos,change_response,Activities conducted,"national_task_force_district_task_force tech_support_lg other, procure_ipc ipc_refresher_training_and_onsite_mentorship_on_standard_and_transmission, rapid_risk_capacity_assessment_district distribute_tools orient_workers_surveillance, activate_ambulance, other, none, none, supplies, none, none","national_task_force_district_task_force tech_support_lg other, procure_ipc ipc_refresher_training_and_onsite_mentorship_on_standard_and_transmission, rapid_risk_capacity_assessment_district distribute_tools orient_workers_surveillance, activate_ambulance, other, supplies",
ID-115,Amos,change_response,Implementing partner,"COVOID Community Volunteer Initiative for Development, COVOID Community Volunteer Initiative for Development",COVOID Community Volunteer Initiative for Development,
ID-104,Amos,change_response,regions,"toro westnile, toro westnile","Toro, Westnile",
ID-104,Amos,change_response,districts,"kyegegwa kasese kamwenge ntoroko, yumbe adjumani arua madiokollo, kyegegwa kasese kamwenge ntoroko, yumbe adjumani arua","Kyegegwa, Kasese, Kamwenge, Ntoroko, Yumbe, Adjumani, Arua, Madi okollo",
ID-105,Amos,change_response,donor,unhcr,UNHCR,
ID-105,Amos,change_response,project_status,new_project,new project,
ID-116,Amos,change_response,Implementing partner,"ECO Ecological Christian Organisation, ECO Ecological Christian Organisation",ECO Ecological Christian Organisation,
ID-105,Amos,change_response,Activities conducted,"national_task_force_district_task_force tech_support_lg, adapted_ipc_standard_operating_procedures ipc_refresher_training_and_onsite_mentorship_on_standard_and_transmission, distribute_tools orient_workers_surveillance, food_assitance_isolation, other, none, none, supplies, none, surge_staff","national_task_force_district_task_force tech_support_lg, adapted_ipc_standard_operating_procedures ipc_refresher_training_and_onsite_mentorship_on_standard_and_transmission, distribute_tools orient_workers_surveillance, food_assitance_isolation, other, supplies, surge_staff",
ID-118,Amos,change_response,Implementing partner,"Implemented by ALIGHT with Sub-grantees CBOs ( Wakati Foundation and Opportunigee), Implemented by ALIGHT with Sub-grantees CBOs ( Wakati Foundation and Opportunigee), Implemented by ALIGHT with Sub-grantees CBOs ( Wakati Foundation and Opportunigee), NA, NA",Implemented by ALIGHT with Sub-grantees CBOs ( Wakati Foundation and Opportunigee),
ID-105,Amos,change_response,regions,westnile,Westnile,
ID-105,Amos,change_response,districts,yumbe adjumani arua madiokollo,"Yumbe, Adjumani, Arua, Madi okollo",
ID-106,Amos,change_response,donor,uk,United Kingdom (UK),
ID-106,Amos,change_response,project_status,ongoing_project,ongoing project,
ID-134,Amos,change_response,Implementing partner,"DL, DL and Community Health workers","DL, Community Health workers",
ID-106,Amos,change_response,Activities conducted,"other, none, none, none, none, none, none, supplies, none, none","other, supplies",
ID-106,Amos,change_response,regions,kampala toro westnile,"Kampala, Toro, Westnile",
ID-106,Amos,change_response,districts,"kampala, kyegegwa kasese ntoroko, yumbe adjumani arua madiokollo","Kampala, Kyegegwa, Kasese, Ntoroko, Yumbe, Adjumani, Arua, Madi okollo",
ID-107,Mathias/JP,change_response,projects_num,2,1,
ID-107,Mathias/JP,change_response,donor,sweden denmark other,"foreign_government, internal_funds, denmark, sweden",
ID-107,Mathias/JP,change_response,funding_amount,130000,450000,
ID-107,Amos,change_response,donor,"sweden denmark  Canada, internal_funding","Sweden, Denmark,  Canada, Internal funding",
ID-107,Amos,change_response,project_status,new_project,new project,
ID-156,Amos,change_response,Implementing partner,"this is implemented by Amref Health Africa only, Amref Health Africa, amref Health Africa",Implemented by Amref Health Africa,
ID-107,Amos,change_response,Activities conducted,"ehd_districts_wash, adapted_ipc_standard_operating_procedures procure_ipc ipc_refresher_training_and_onsite_mentorship_on_standard_and_transmission, other, none, support_engagements_with_authorities procure_wash_infrastructure hygiene_promotion_sensitization support_community_engagement_meetings, none, none, supplies personnel, none, none","ehd_districts_wash, adapted_ipc_standard_operating_procedures procure_ipc ipc_refresher_training_and_onsite_mentorship_on_standard_and_transmission, other, support_engagements_with_authorities procure_wash_infrastructure hygiene_promotion_sensitization support_community_engagement_meetings, supplies personnel",
ID-107,Amos,change_response,regions,"acholi kampala karamoja toro, acholi karamoja, acholi","Acholi, Kampala, Karamoja, Toro",
ID-107,Amos,change_response,districts,"kitgum agago pader, kampala, kaabong kotido abim, kyegegwa kamwenge, kitgum agago pader","Kitgum, Agago, Pader, Kampala, Kaabong, Kotido, Abim, Kyegegwa, Kamwenge",
ID-108,Mathias/JP,remove_survey,,,,merged
ID-109,Amos,change_response,donor,"ireland, unicef unhcr fao wfp undp who unfpa unaids unwomen ilo iom","Ireland, UNICEF, UNHCR, FAO, WFP, UNDP, WHO, UNFPA, UNAIDS, UN Women, ILO, IOM",
ID-109,Amos,change_response,project_status,ongoing_project,ongoing project,
ID-17,Amos,change_response,Implementing partner,"MOH, MOH, MOH and local radio partners","MOH, local radio partners",
ID-109,Amos,change_response,Activities conducted,"national_task_force_district_task_force monitor_plan_implementation information_product orientation_surge deploy_national_rapid_response assessments_national_rapid_response tech_support_lg moh_support_lg ehd_districts_wash, adapted_ipc_standard_operating_procedures ipc_refresher_training_and_onsite_mentorship_on_standard_and_transmission surveillance_hospitals, rapid_risk_capacity_assessment_district surveillance_guidelines_training distribute_tools orient_workers_surveillance risk_centre_identification, orientation_detection_linking_isolation_facilities orientation_workers_icu, support_engagements_with_authorities, budget_tracking_activity_reporting, mhpss_counsellors, supplies personnel, procure_ppe, facilitate_response_teams","national_task_force_district_task_force monitor_plan_implementation information_product orientation_surge deploy_national_rapid_response assessments_national_rapid_response tech_support_lg moh_support_lg ehd_districts_wash, adapted_ipc_standard_operating_procedures ipc_refresher_training_and_onsite_mentorship_on_standard_and_transmission surveillance_hospitals, rapid_risk_capacity_assessment_district surveillance_guidelines_training distribute_tools orient_workers_surveillance risk_centre_identification, orientation_detection_linking_isolation_facilities orientation_workers_icu, support_engagements_with_authorities, budget_tracking_activity_reporting, mhpss_counsellors, supplies personnel, procure_ppe, facilitate_response_teams",
ID-109,Amos,change_response,regions,"kampala karamoja, kampala karamoja, karamoja, kampala","Kampala, Karamoja",
ID-109,Amos,change_response,districts,"kampala, moroto kaabong nakapiripirit kotido napak abim amudat nabilatuk karenga, kampala, moroto amudat, moroto","Kampala, Moroto, Kaabong, Nakapiripirit, Kotido, Napak, Abim, Amudat, Nabilatuk, Karenga, Kampala, Moroto",
ID-113,Mathias/JP,remove_survey,,,,merged
ID-114,Mathias/JP,remove_survey,,,,merged
ID-115,Amos,change_response,other_donor,ADH,Aktion Deutschland Hilft (ADH),
ID-115,Amos,change_response,project_status,new_project,new project,
ID-18,Amos,change_response,Implementing partner,"Self implementation, Self implementation, Self implementation",Self implementation,
ID-115,Amos,change_response,Activities conducted,"other, none, none, none, procure_wash_infrastructure hygiene_promotion_sensitization support_community_engagement_meetings, none, none, supplies personnel, none, none","other, procure_wash_infrastructure hygiene_promotion_sensitization support_community_engagement_meetings, supplies personnel",
ID-20,Amos,change_response,Implementing partner,"•	The Inter Religious Council of Uganda (IRCU); Church of Uganda Teso Diocese Development Organization (TEDDO)","The Inter Religious Council of Uganda (IRCU), Church of Uganda Teso Diocese Development Organization (TEDDO)",
ID-115,Amos,change_response,regions,ankole,Ankole,
ID-115,Amos,change_response,districts,isingiro,Isingiro,
ID-116,Amos,change_response,other_donor,ADH,Aktion Deutschland Hilft (ADH),
ID-116,Amos,change_response,project_status,new_project,new project,
ID-23,Amos,change_response,Implementing partner,"District task force and other district teams, District health teams, District teams, district health teams, District health teams, District health teams","District task force, District health teams",
ID-116,Amos,change_response,Activities conducted,"other, none, none, none, procure_wash_infrastructure support_community_engagement_meetings, none, none, supplies personnel, none, none","other, procure_wash_infrastructure support_community_engagement_meetings, supplies personnel",
ID-25,Amos,change_response,Implementing partner,"Ministry of Health (funding directly to the government), Masaka RRH, Ministry of Health, UVRI,KOFIH, Ministry of Health, Emergency Care Society, It is overlapping with above activities","Ministry of Health, Masaka RRH, UVRI, KOFIH, Emergency Care Society",
ID-116,Amos,change_response,regions,karamoja,Karamoja,
ID-116,Amos,change_response,districts,napak nabilatuk,"Napak, Nabilatuk",
ID-118,Mathias/JP,change_response,project_title,COVID-19 Activities,WASH Activities,
ID-118,Amos,change_response,project_status,new_project,new project,
ID-34,Amos,change_response,Implementing partner,"AAPU, Lubaga Hospital and Naguru hospital, Lubaga Hospital, Naguru Hospital and Arua Regional Refferral","AAPU, Lubaga Hospital, Naguru hospital, Arua Regional Refferral Hospital",
ID-118,Amos,change_response,Activities conducted,"tech_support_lg ehd_districts_wash, procure_ipc other, other, none, support_engagements_with_authorities procure_wash_infrastructure hygiene_promotion_sensitization support_community_engagement_meetings support_operationalization_of_wash_committees, none, mhpss_counsellors mhpss_services_supervisor_monitor,  none, surge_staff","tech_support_lg ehd_districts_wash, procure_ipc other, other, support_engagements_with_authorities procure_wash_infrastructure hygiene_promotion_sensitization support_community_engagement_meetings support_operationalization_of_wash_committees, mhpss_counsellors mhpss_services_supervisor_monitor,  surge_staff",
ID-37,Amos,change_response,Implementing partner,"Pentecostal Churches of Uganda together with us, Pentecostal Churches of Uganda with us, Pentecostal Churches of Uganda with us, Pentecostal churches of Uganda, Pentecostal churches of Uganda with us",Pentecostal Churches of Uganda,
ID-118,Amos,change_response,regions,ankole,Ankole,
ID-118,Amos,change_response,districts,isingiro,Isingiro,
ID-123,Mathias/JP,remove_survey,,,,mistake
ID-124,Mathias/JP,remove_survey,,,,mistake
ID-125,Harith,change_response,name_agency,International Rescue Committee,International Rescue Committee (IRC),
ID-125,Amos,change_response,project_status,ongoing_project,ongoing project,
ID-44,Amos,change_response,Implementing partner,"HADS in Lobule, HADS in Lobule",HADS in Lobule,
ID-125,Amos,change_response,Activities conducted,"other, none, orient_workers_surveillance, none, none, none, none, supplies personnel, none, none","other, orient_workers_surveillance, supplies personnel",
ID-125,Amos,change_response,regions,acholi westnile,"Acholi, Westnile",
ID-125,Amos,change_response,districts,"lamwo, yumbe","Lamwo, Yumbe",
ID-126,Harith,change_response,name_agency,International Rescue Committee,International Rescue Committee (IRC),
ID-126,Amos,change_response,donor,us,United States of America (USA),
ID-126,Amos,change_response,project_status,ongoing_project,ongoing project,
ID-47,Amos,change_response,Implementing partner,CEFORD and Save the children,"CEFORD, Save the children",
ID-126,Amos,change_response,Activities conducted,"other, none, none, none, none, none, none, supplies, none, none","other, supplies",
ID-126,Amos,change_response,regions,kampala,Kampala,
ID-126,Amos,change_response,districts,kampala,Kampala,
ID-127,Harith,change_response,name_agency,International Rescue Committee,International Rescue Committee (IRC),
ID-127,Amos,change_response,donor,us,United States of America (USA),
ID-127,Amos,change_response,project_status,ongoing_project,ongoing project,
ID-55,Amos,change_response,Implementing partner,"Uganda Wildlife Authority,  Bwindi Community Hospital, Uganda Wildlife Authority, Bwindi Community Hospital, Mountain Gorilla Veterinary Project, Max Planck Institute, Internatinal Gorilla Conservation Programme, Uganda Wildlife Authority, Bwindi Community Hospital, Mountain Gorilla Veterinary Project, Max Planck Institute, International Gorilla Conservation Programme, Uganda Wildlife Authority, Solidaridad, International Gorilla Conservation Programme, Max Planck Institute, Uganda Wildlife Authority","Uganda Wildlife Authority,  Bwindi Community Hospital, Mountain Gorilla Veterinary Project, Max Planck Institute, Internatinal Gorilla Conservation Programme, Solidaridad",
ID-127,Amos,change_response,Activities conducted,"other, none, none, none, procure_wash_infrastructure, none, mhpss_services_supervisor_monitor, supplies personnel, procure_soap, none","other, procure_wash_infrastructure, mhpss_services_supervisor_monitor, supplies personnel, procure_soap",
ID-127,Amos,change_response,regions,westnile,Westnile,
ID-127,Amos,change_response,districts,yumbe,Yumbe,
ID-128,Mathias/JP,remove_survey,,,,not_covid_related
ID-128,Harith,change_response,name_agency,International Rescue Committee,International Rescue Committee (IRC),
ID-129,Harith,change_response,name_agency,International Rescue Committee,International Rescue Committee (IRC),
ID-129,Amos,change_response,donor,unfpa,UNFPA,
ID-129,Amos,change_response,project_status,ongoing_project,ongoing project,
ID-58,Amos,change_response,Implementing partner,Acholi Child and Family Programme (ACFP) Masindi Child Development Federation (MACDEF) Lango Child and Community Development Federation (LACCODEF) Community Efforts for Child Empowerment (CECE) Kampala Area Federation of Communities (KAFOC) Jinja Area Communities Federation (JIACOFE) Partners for Children Worldwide (PfCW) Mbale Area Federation of Communities (MAFOC) Busia Area Communities Federation (BUACOFE,"Acholi Child and Family Programme (ACFP), Masindi Child Development Federation (MACDEF), Lango Child and Community Development Federation (LACCODEF), Community Efforts for Child Empowerment (CECE), Kampala Area Federation of Communities (KAFOC), Jinja Area Communities Federation (JIACOFE), Partners for Children Worldwide (PfCW), Mbale Area Federation of Communities (MAFOC), Busia Area Communities Federation (BUACOFE)",
ID-129,Amos,change_response,Activities conducted,"tech_support_lg, procure_ipc, other, none, none, none, none, supplies personnel, none, none","tech_support_lg, procure_ipc, other, supplies personnel",
ID-129,Amos,change_response,regions,karamoja,Karamoja,
ID-129,Amos,change_response,districts,moroto kaabong nakapiripirit kotido napak abim amudat nabilatuk,"Moroto, Kaabong, Nakapiripirit, Kotido, Napak, Abim, Amudat, Nabilatuk",
ID-130,Mathias/JP,remove_survey,,,,not_covid_related
ID-130,Harith,change_response,name_agency,International Rescue Committee,International Rescue Committee (IRC),
ID-131,Mathias/JP,remove_survey,,,,not_covid_related
ID-131,Harith,change_response,name_agency,International Rescue Committee,International Rescue Committee (IRC),
ID-132,Mathias/JP,remove_survey,,,,not_covid_related
ID-132,Harith,change_response,name_agency,International Rescue Committee,International Rescue Committee (IRC),
ID-133,Harith,change_response,name_agency,International Rescue Committee,International Rescue Committee (IRC),
ID-133,Amos,change_response,donor,internal_funding,Internal funding,
ID-133,Amos,change_response,project_status,new_project,new project,
ID-1,Amos,change_response,Pillars supported by project," Infection prevention,   WASH,     Human resource"," Infection prevention, WASH, Human resource",
ID-133,Amos,change_response,Activities conducted,"other, procure_ipc, none, activate_ambulance, none, none, none,  procure_ppe procure_medicine procure_waste_management_supplies procure_medical_equipment procure_sanitizer, none","other, procure_ipc, activate_ambulance, procure_ppe procure_medicine procure_waste_management_supplies procure_medical_equipment procure_sanitizer",
ID-133,Amos,change_response,regions,acholi bunyoro kampala toro westnile,"Acholi, Bunyoro, Kampala, Toro, Westnile",
ID-133,Amos,change_response,districts,"lamwo, kagadi, kampala, kyegegwa kasese, yumbe arua","Lamwo, Kagadi, Kampala, Kyegegwa, Kasese, Yumbe, Arua",
ID-134,Amos,change_response,donor,us,United States of America (USA),
ID-134,Amos,change_response,project_status,ongoing_project,ongoing project,
ID-104,Amos,change_response,Pillars supported by project,"Coordination, Infection prevention, Surveillance, Case management,    Risk communications,  other","Coordination, Infection prevention, Surveillance, Case management, Risk communications, other",
ID-134,Amos,change_response,Activities conducted,"national_task_force_district_task_force information_product tech_support_lg moh_support_lg ehd_districts_wash other, adapted_ipc_standard_operating_procedures, other, none, support_engagements_with_authorities procure_wash_infrastructure, e_meetings emergency_hotline strengthen_district_data, other, supplies personnel, other, facilitate_response_teams","national_task_force_district_task_force information_product tech_support_lg moh_support_lg ehd_districts_wash other, adapted_ipc_standard_operating_procedures, other, support_engagements_with_authorities procure_wash_infrastructure, e_meetings emergency_hotline strengthen_district_data, other, supplies personnel, other, facilitate_response_teams",
ID-105,Amos,change_response,Pillars supported by project,"Coordination, Infection prevention, Surveillance, Case management,    Risk communications,  Human resource","Coordination, Infection prevention, Surveillance, Case management, Risk communications, Human resource",
ID-134,Amos,change_response,regions,"busoga elgon kampala southbuganda teso, elgon kampala lango southbuganda, elgon lango southbuganda","Busoga, Elgon, Kampala, South Buganda, Teso, Lango",
ID-134,Amos,change_response,districts,"kamuli iganga jinja, mbale, kampala, masaka wakiso, soroti, sironko mbale, lira","Kamuli, Iganga, Jinja, Mbale, Kampala, Masaka, Wakiso, Soroti, Sironko, Mbale, Lira",
ID-140,Amos,change_response,donor,us,United States of America (USA),
ID-140,Amos,change_response,project_status,ongoing_project,ongoing project,
ID-106,Amos,change_response,Pillars supported by project,"       Risk communications,  other","Risk communications, other",
ID-140,Amos,change_response,Activities conducted,"other, none, none, none, none, none, mhpss_counsellors mhpss_services_supervisor_monitor mhpss_support_materials, personnel, procure_ppe procure_thermometers procure_sanitizer procure_soap, none","other, mhpss_counsellors mhpss_services_supervisor_monitor mhpss_support_materials, personnel, procure_ppe procure_thermometers procure_sanitizer procure_soap",
ID-140,Amos,change_response,regions,westnile,Westnile,
ID-140,Amos,change_response,districts,arua,Arua,
ID-141,Amos,change_response,donor,eu,European Union (EU),
ID-141,Amos,change_response,project_status,ongoing_project,ongoing project,
ID-107,Amos,change_response,Pillars supported by project,"Coordination, Infection prevention,   WASH,   Risk communications,  other","Coordination, Infection prevention, WASH, Risk communications, other",
ID-141,Amos,change_response,Activities conducted,"other, none, none, none, none, none, mhpss_counsellors mhpss_services_supervisor_monitor mhpss_support_materials, supplies personnel, procure_ppe procure_waste_management_supplies procure_thermometers, none","other, mhpss_counsellors mhpss_services_supervisor_monitor mhpss_support_materials, supplies personnel, procure_ppe procure_waste_management_supplies procure_thermometers",
ID-141,Amos,change_response,regions,"bunyoro toro, bunyoro toro, busoga toro","Bunyoro, Toro, Busoga ",
ID-141,Amos,change_response,districts,"kikuube, kyegegwa, kikuube","Kikuube, Kyegegwa",
ID-142,Amos,change_response,project_status,new_project,new project,
ID-109,Amos,change_response,Pillars supported by project,"Coordination, Infection prevention, Surveillance, Case management, WASH, ICT innovations, Mental health, Risk communications, Logistics, Human resource","Coordination, Infection prevention, Surveillance, Case management, WASH, ICT innovations, Mental health, Risk communications, Logistics, Human resource",
ID-142,Amos,change_response,Activities conducted,"other, none, none, none, none, none, mhpss_counsellors, supplies personnel, none, none","other, mhpss_counsellors, supplies personnel",
ID-142,Amos,change_response,regions,westnile,Westnile,
ID-142,Amos,change_response,districts,yumbe arua obongi,"Yumbe, Arua, Obongi",
ID-15,Amos,change_response,donor,internal_funding,Internal funding,
ID-15,Amos,change_response,project_status,new_project,new project,
ID-115,Amos,change_response,Pillars supported by project,"    WASH,   Risk communications,  other","WASH, Risk communications, other",
ID-15,Amos,change_response,Activities conducted,"other, none, none, none, none, none, none,  other, none","other, other",
ID-15,Amos,change_response,regions,"kampala, kampala",Kampala,
ID-15,Amos,change_response,districts,"kampala, kampala",Kampala,
ID-154,Amos,change_response,project_status,ongoing_project,ongoing project,
ID-116,Amos,change_response,Pillars supported by project,"    WASH,   Risk communications,  other","WASH, Risk communications, other",
ID-154,Amos,change_response,Activities conducted,"other, other, none, food_assitance_isolation, support_engagements_with_authorities procure_wash_infrastructure, none, mhpss_counsellors, cash supplies personnel, procure_ppe offloading_transport provision_mattresses_bedding procure_sanitizer procure_soap other, facilitate_response_teams","other, other, food_assitance_isolation, support_engagements_with_authorities procure_wash_infrastructure, mhpss_counsellors, cash supplies personnel, procure_ppe offloading_transport provision_mattresses_bedding procure_sanitizer procure_soap other, facilitate_response_teams",
ID-154,Amos,change_response,regions,westnile,Westnile,
ID-154,Amos,change_response,districts,adjumani,Adjumani,
ID-155,Amos,change_response,donor,Church of Sweden/ SIDA,"Church of Sweden, SIDA",
ID-155,Amos,change_response,project_status,ongoing_project,ongoing project,
ID-118,Amos,change_response,Pillars supported by project,"Coordination, Infection prevention,   WASH,  Mental health,   Human resource","Coordination, Infection prevention, WASH, Mental health, Human resource",
ID-155,Amos,change_response,Activities conducted,"other, other, other, food_assitance_isolation food_assistance_quarantine_other, support_engagements_with_authorities procure_wash_infrastructure hygiene_promotion_sensitization support_community_engagement_meetings support_operationalization_of_wash_committees, none, mhpss_counsellors other, cash personnel, procure_ppe procure_thermometers offloading_transport provision_mattresses_bedding procure_sanitizer procure_soap, facilitate_response_teams","other, other, other, food_assitance_isolation food_assistance_quarantine_other, support_engagements_with_authorities procure_wash_infrastructure hygiene_promotion_sensitization support_community_engagement_meetings support_operationalization_of_wash_committees, mhpss_counsellors other, cash personnel, procure_ppe procure_thermometers offloading_transport provision_mattresses_bedding procure_sanitizer procure_soap, facilitate_response_teams",
ID-155,Amos,change_response,regions,"acholi toro westnile, acholi toro westnile","Acholi, Toro, Westnile",
ID-155,Amos,change_response,districts,"lamwo, kamwenge, adjumani, lamwo","Lamwo, Kamwenge, Adjumani, Lamwo",
ID-156,Amos,change_response,donor,"Flying Doctors  Amref Netherlands, internal_funding","Flying Doctors,  AMREF Netherlands, Internal funding",
ID-156,Amos,change_response,project_status,ongoing_project,ongoing project,
ID-125,Amos,change_response,Pillars supported by project,"  Surveillance,     Risk communications,  other","Surveillance, Risk communications, other",
ID-156,Amos,change_response,Activities conducted,"information_product simulation_exercises ehd_districts_wash other, ipc_refresher_training_and_onsite_mentorship_on_standard_and_transmission surveillance_hospitals other, distribute_tools, orientation_workers_icu, support_engagements_with_authorities procure_wash_infrastructure hygiene_promotion_sensitization support_community_engagement_meetings support_operationalization_of_wash_committees, other, none, cash supplies personnel, procure_ppe procure_uniform procure_waste_management_supplies procure_thermometers offloading_transport procure_medical_equipment procure_sanitizer procure_soap procure_watertanks procure_boots, other","information_product simulation_exercises ehd_districts_wash other, ipc_refresher_training_and_onsite_mentorship_on_standard_and_transmission surveillance_hospitals other, distribute_tools, orientation_workers_icu, support_engagements_with_authorities procure_wash_infrastructure hygiene_promotion_sensitization support_community_engagement_meetings support_operationalization_of_wash_committees, other, cash supplies personnel, procure_ppe procure_uniform procure_waste_management_supplies procure_thermometers offloading_transport procure_medical_equipment procure_sanitizer procure_soap procure_watertanks procure_boots, other",
ID-126,Amos,change_response,Pillars supported by project,"       Risk communications,  other","Risk communications, other",
ID-156,Amos,change_response,regions,acholi,Acholi,
ID-156,Amos,change_response,districts,amuru,Amuru,
ID-157,Amos,change_response,donor,Amref Flying Doctors in the Netherlands,"AMREF, Flying Doctors in the Netherlands",
ID-157,Amos,change_response,project_status,ongoing_project,ongoing project,
ID-127,Amos,change_response,Pillars supported by project,"    WASH,  Mental health, Risk communications, Logistics, other","WASH, Mental health, Risk communications, Logistics, other",
ID-157,Amos,change_response,Activities conducted,"national_task_force_district_task_force tech_support_lg, other, none, none, support_engagements_with_authorities procure_wash_infrastructure hygiene_promotion_sensitization support_community_engagement_meetings support_operationalization_of_wash_committees, none, none, supplies personnel, purchase_megaphones_vht procure_sanitizer procure_soap procure_watertanks wash_costs, none","national_task_force_district_task_force tech_support_lg, other, support_engagements_with_authorities procure_wash_infrastructure hygiene_promotion_sensitization support_community_engagement_meetings support_operationalization_of_wash_committees, supplies personnel, purchase_megaphones_vht procure_sanitizer procure_soap procure_watertanks wash_costs",
ID-157,Amos,change_response,regions,acholi,Acholi,
ID-157,Amos,change_response,districts,amuru,Amuru,
ID-158,Amos,change_response,donor,AMREF health Africa in  USA,AMREF Health Africa in United States,
ID-158,Amos,change_response,project_status,ongoing_project,ongoing project,
ID-129,Amos,change_response,Pillars supported by project,"Coordination, Infection prevention,      Risk communications,  other","Coordination, Infection prevention, Risk communications, other",
ID-158,Amos,change_response,Activities conducted,"national_task_force_district_task_force tech_support_lg other, other, none, orientation_workers_rrh, none, none, none, supplies, procure_ppe procure_waste_management_supplies print_statutory_instrument procure_sanitizer procure_bottles procure_soap wash_costs, none","national_task_force_district_task_force tech_support_lg other, other, orientation_workers_rrh, supplies, procure_ppe procure_waste_management_supplies print_statutory_instrument procure_sanitizer procure_bottles procure_soap wash_costs",
ID-158,Amos,change_response,regions,westnile,Westnile,
ID-158,Amos,change_response,districts,arua,Arua,
ID-159,Amos,change_response,donor,AMREF FLYING DOCTORS  IN THE NETHERLANDS,AMREF Flying Doctors in the Netherlands,
ID-159,Amos,change_response,project_status,ongoing_project,ongoing project,
ID-133,Amos,change_response,Pillars supported by project," Infection prevention,  Case management,     Logistics, other"," Infection prevention, Case management, Logistics, other",
ID-159,Amos,change_response,Activities conducted,"other, none, none, none, none, none, none, cash supplies, procure_ppe procure_uniform procure_medicine procure_waste_management_supplies procure_thermometers procure_medical_equipment procure_sanitizer procure_soap chlorination procure_boots wash_costs, none","other, cash supplies, procure_ppe procure_uniform procure_medicine procure_waste_management_supplies procure_thermometers procure_medical_equipment procure_sanitizer procure_soap chlorination procure_boots wash_costs",
ID-159,Amos,change_response,regions,acholi karamoja,"Acholi, Karamoja",
ID-159,Amos,change_response,districts,"lamwo kitgum, kaabong","Lamwo, Kitgum, Kaabong",
ID-17,Amos,change_response,project_status,new_project,new project,
ID-134,Amos,change_response,Pillars supported by project,"Coordination, Infection prevention,   WASH, ICT innovations, Mental health, Risk communications, Logistics, Human resource","Coordination, Infection prevention, WASH, ICT innovations, Mental health, Risk communications, Logistics, Human resource",
ID-17,Amos,change_response,Activities conducted,"other, none, none, none, hygiene_promotion_sensitization, telecoms_call_center, none, personnel, none, none","other, hygiene_promotion_sensitization, telecoms_call_center, personnel",
ID-140,Amos,change_response,Pillars supported by project,"      Mental health, Risk communications, Logistics, other","Mental health, Risk communications, Logistics, other",
ID-17,Amos,change_response,regions,acholi ankole bukedi bunyoro busoga elgon kampala karamoja kigezi lango northbuganda southbuganda teso toro westnile,"Acholi, Ankole, Bukedi, Bunyoro, Busoga, Elgon, Kampala, Karamoja, Kigezi, Lango, North Buganda, South Buganda, Teso, Toro, Westnile",
ID-17,Amos,change_response,districts,"lamwo omoro amuru kitgum gulu agago pader nwoya, ibanda sheema rubirizi ntungamo mbarara mitooma kiruhura buhweju bushenyi isingiro rwampara kazo, butebo busia budaka tororo butaleja pallisa kibuku, masindi kagadi kibaale kikuube buliisa kakumiro kiryandongo hoima, kamuli iganga namayingo luuka kaliro jinja buyende namutumba bugiri mayuge bugweri, kween bukwo kapchorwa bududa manafwa sironko mbale namisindwa bulambuli, kampala, moroto kaabong nakapiripirit kotido napak abim amudat nabilatuk karenga, rukungiri rubanda rukiga kanungu kisoro kabale, alebtong kole amolatar dokolo apac lira otuke oyam kwania, buikwe luwero nakasongola mubende buvuma kayunga kyankwanzi kiboga mukono nakaseke mityana kassanda, masaka kalangala wakiso bukomansimbi mpigi lwengo lyantonde ssembabule butambala kalungu kyotera gomba rakai, bukedea kaberamaido soroti serere amuria katakwi kumi ngora kapelebyong kalaki, kabarole bunyangabu kyegegwa kyenjojo kasese kamwenge ntoroko bundibugyo kitagwenda, maracha pakwach zombo yumbe adjumani arua nebbi koboko moyo madiokollo obongi","Lamwo, Omoro, Amuru, Kitgum, Gulu, Agago, Pader, Nwoya, Ibanda, Sheema, Rubirizi, Ntungamo, Mbarara, Mitooma, Kiruhura, Buhweju, Bushenyi, Isingiro, Rwampara, Kazo, Butebo, Busia, Budaka, Tororo, Butaleja, Pallisa, Kibuku, Masindi, Kagadi, Kibaale, Kikuube, Buliisa, Kakumiro, Kiryandongo, Hoima, Kamuli, Iganga, Namayingo, Luuka, Kaliro, Jinja, Buyende, Namutumba, Bugiri, Mayuge, Bugweri, Kween, Bukwo, Kapchorwa, Bududa, Manafwa, Sironko, Mbale, Namisindwa, Bulambuli, Kampala, Moroto, Kaabong Nakapiripirit, Kotido, Napak, Abim, Amudat, Nabilatuk, Karenga, Rukungiri, Rubanda, Rukiga, Kanungu, Kisoro, Kabale, Alebtong, Kole, Amolatar, Dokolo, Apac, Lira, Otuke, Oyam Kwania, Buikwe, Luwero, Nakasongola, Mubende, Buvuma, Kayunga, Kyankwanzi, Kiboga, Mukono, Nakaseke, Mityana, Kassanda, Masaka, Kalangala, Wakiso, Bukomansimbi Mpigi, Lwengo, Lyantonde, Ssembabule, Butambala, Kalungu, Kyotera, Gomba, Rakai, Bukedea, Kaberamaido, Soroti, Serere, Amuria, Katakwi, Kumi, Ngora, Kapelebyong, Kalaki, Kabarole, Bunyangabu, Kyegegwa, Kyenjojo, Kasese, Kamwenge, Ntoroko, Bundibugyo, Kitagwenda, Maracha, Pakwach, Zombo, Yumbe, Adjumani, Arua, Nebbi, Koboko Moyo, Madi okollo, Obongi",
ID-18,Amos,change_response,donor,denmark,Denmark,
ID-18,Amos,change_response,project_status,ongoing_project,ongoing project,
ID-141,Amos,change_response,Pillars supported by project,"      Mental health, Risk communications, Logistics, other","Mental health, Risk communications, Logistics, other",
ID-18,Amos,change_response,Activities conducted,"national_task_force_district_task_force, other, none, none, none, none, none, supplies, procure_sanitizer procure_soap, none","national_task_force_district_task_force, other, supplies, procure_sanitizer procure_soap",
ID-142,Amos,change_response,Pillars supported by project,"      Mental health, Risk communications,  other","Mental health, Risk communications, other",
ID-18,Amos,change_response,regions,westnile,Westnile,
ID-18,Amos,change_response,districts,yumbe arua,"Yumbe, Arua",
ID-19,Amos,change_response,donor,eu,European Union (EU),
ID-19,Amos,change_response,project_status,ongoing_project,ongoing project,
ID-15,Amos,change_response,Pillars supported by project,"        Logistics, other","Logistics, other",
ID-19,Amos,change_response,Activities conducted,"other, none, none, none, none, none, none,  procure_ppe procure_uniform procure_thermometers offloading_transport purchase_megaphones_vht procure_sanitizer procure_bottles procure_soap chlorination procure_boots, none","other, procure_ppe procure_uniform procure_thermometers offloading_transport purchase_megaphones_vht procure_sanitizer procure_bottles procure_soap chlorination procure_boots",
ID-19,Amos,change_response,regions,"acholi westnile, acholi","Acholi, Westnile",
ID-19,Amos,change_response,districts,"lamwo, arua madiokollo, lamwo, yumbe arua koboko madiokollo","Lamwo, Arua, Madi okollo, Lamwo, Yumbe, Koboko",
ID-2,Amos,change_response,donor,unicef,UNICEF,
ID-2,Amos,change_response,project_status,ongoing_project,ongoing project,
ID-154,Amos,change_response,Pillars supported by project,"Coordination,   Case management, WASH,  Mental health, Risk communications, Logistics, Human resource","Coordination, Case management, WASH, Mental health, Risk communications, Logistics, Human resource",
ID-2,Amos,change_response,Activities conducted,"simulation_exercises orientation_surge tech_support_lg ehd_districts_wash other, adapted_ipc_standard_operating_procedures procure_ipc ipc_refresher_training_and_onsite_mentorship_on_standard_and_transmission, orient_workers_surveillance entry_point_supervisors case_investigation risk_centre_identification contact_tracing_followup containment_measures_geographic, orientation_workers_rrh activate_ambulance, procure_wash_infrastructure support_community_engagement_meetings support_operationalization_of_wash_committees, other, none, cash supplies, procure_ppe procure_waste_management_supplies, none","simulation_exercises orientation_surge tech_support_lg ehd_districts_wash other, adapted_ipc_standard_operating_procedures procure_ipc ipc_refresher_training_and_onsite_mentorship_on_standard_and_transmission, orient_workers_surveillance entry_point_supervisors case_investigation risk_centre_identification contact_tracing_followup containment_measures_geographic, orientation_workers_rrh activate_ambulance, procure_wash_infrastructure support_community_engagement_meetings support_operationalization_of_wash_committees, other, cash supplies, procure_ppe procure_waste_management_supplies",
ID-2,Amos,change_response,regions,acholi bunyoro westnile,"Acholi, Bunyoro, Westnile",
ID-2,Amos,change_response,districts,"lamwo, kiryandongo, maracha pakwach zombo yumbe adjumani arua nebbi koboko moyo madiokollo obongi","Lamwo, Kiryandongo, Maracha, Pakwach, Zombo, Yumbe, Adjumani, Arua, Nebbi, Koboko, Moyo, Madi okollo, Obongi",
ID-20,Amos,change_response,donor,denmark,Denmark,
ID-20,Amos,change_response,project_status,new_project,new project,
ID-155,Amos,change_response,Pillars supported by project,"Coordination, Infection prevention,  Case management, WASH,  Mental health, Risk communications, Logistics, Human resource","Coordination, Infection prevention, Case management, WASH, Mental health, Risk communications, Logistics, Human resource",
ID-20,Amos,change_response,Activities conducted,"national_task_force_district_task_force, other, none, none, none, none, none, supplies, procure_ppe fuel purchase_megaphones_vht procure_sanitizer procure_soap, none","national_task_force_district_task_force, other, supplies, procure_ppe fuel purchase_megaphones_vht procure_sanitizer procure_soap",
ID-156,Amos,change_response,Pillars supported by project,"Coordination, Infection prevention, Surveillance, Case management, WASH,   Risk communications, Logistics, Human resource","Coordination, Infection prevention, Surveillance, Case management, WASH, Risk communications, Logistics, Human resource",
ID-20,Amos,change_response,regions,"bunyoro kampala westnile, bunyoro kampala westnile, westnile","Bunyoro, Kampala, Westnile",
ID-20,Amos,change_response,districts,"kiryandongo, kampala, yumbe arua koboko madiokollo, kiryandongo, arua koboko madiokollo","Kiryandongo, Kampala, Yumbe, Arua, Koboko, Madi okollo",
ID-21,Mathias/JP,change_response,donor,other,"internal_funds, H&M Foundation",
ID-22,Amos,change_response,donor,unhcr,UNHCR,
ID-22,Amos,change_response,project_status,ongoing_project,ongoing project,
ID-157,Amos,change_response,Pillars supported by project,"Coordination,    WASH,   Risk communications, Logistics, other","Coordination, WASH, Risk communications, Logistics, other",
ID-22,Amos,change_response,Activities conducted,"national_task_force_district_task_force tech_support_lg, adapted_ipc_standard_operating_procedures procure_ipc ipc_refresher_training_and_onsite_mentorship_on_standard_and_transmission, distribute_tools orient_workers_surveillance, activate_ambulance food_assitance_isolation, other, none, none, supplies personnel, none, none","national_task_force_district_task_force tech_support_lg, adapted_ipc_standard_operating_procedures procure_ipc ipc_refresher_training_and_onsite_mentorship_on_standard_and_transmission, distribute_tools orient_workers_surveillance, activate_ambulance food_assitance_isolation, other, supplies personnel",
ID-22,Amos,change_response,regions,"ankole bunyoro kigezi toro westnile, ankole bunyoro kigezi toro westnile","Ankole, Bunyoro, Kigezi, Toro, Westnile",
ID-22,Amos,change_response,districts,"mbarara isingiro, kikuube hoima, kanungu kisoro, kyegegwa kamwenge ntoroko, adjumani moyo obongi, mbarara isingiro, kabale","Mbarara, Isingiro, Kikuube, Hoima, Kanungu, Kisoro, Kyegegwa, Kamwenge, Ntoroko, Adjumani, Moyo, Obongi, Mbarara, Isingiro, Kabale",
ID-23,Mathias/JP,change_response,donor,internal_funds,WFP,
ID-23,Amos,change_response,donor,internal_funding,Internal funding,
ID-23,Amos,change_response,project_status,ongoing_project,ongoing project,
ID-158,Amos,change_response,Pillars supported by project,"Coordination,   Case management,    Risk communications, Logistics, other","Coordination, Case management, Risk communications, Logistics, other",
ID-23,Amos,change_response,Activities conducted,"national_task_force_district_task_force information_product tech_support_lg other, adapted_ipc_standard_operating_procedures procure_ipc, orient_workers_surveillance, food_assitance_isolation, procure_wash_infrastructure hygiene_promotion_sensitization support_community_engagement_meetings support_operationalization_of_wash_committees, other, none, supplies, procure_ppe purchase_megaphones_vht print_statutory_instrument procure_sanitizer handwashing_facility procure_soap wash_isolation_quarantine_centres sanitation_facilities wash_costs, facilitate_response_teams","national_task_force_district_task_force information_product tech_support_lg other, adapted_ipc_standard_operating_procedures procure_ipc, orient_workers_surveillance, food_assitance_isolation, procure_wash_infrastructure hygiene_promotion_sensitization support_community_engagement_meetings support_operationalization_of_wash_committees, other, supplies, procure_ppe purchase_megaphones_vht print_statutory_instrument procure_sanitizer handwashing_facility procure_soap wash_isolation_quarantine_centres sanitation_facilities wash_costs, facilitate_response_teams",
ID-159,Amos,change_response,Pillars supported by project,"       Risk communications, Logistics, other","Risk communications, Logistics, other",
ID-23,Amos,change_response,regions,"acholi busoga lango, acholi busoga elgon lango westnile, acholi busoga lango westnile, elgon, acholi busoga","Acholi, Busoga, Lango, Elgon, Westnile",
ID-23,Amos,change_response,districts,"lamwo kitgum, namutumba, kole, lamwo kitgum, kween mbale, adjumani, kitgum, kween","Lamwo, Kitgum, Namutumba, Kole, Lamwo, Kween, Mbale, Adjumani",
ID-25,Amos,change_response,other_foreign_donor,The Republic of Korea (South Korea),South Korea,
ID-25,Amos,change_response,project_status,new_project,new project,
ID-17,Amos,change_response,Pillars supported by project,"    WASH, ICT innovations,  Risk communications,  other","WASH, ICT innovations, Risk communications, other",
ID-25,Amos,change_response,Activities conducted,"information_product simulation_exercises deploy_national_rapid_response other, surveillance_hospitals other, other, other, other, none, none,  procure_ppe procure_waste_management_supplies procure_thermometers, none","information_product simulation_exercises deploy_national_rapid_response other, surveillance_hospitals other, other, other, other, procure_ppe procure_waste_management_supplies procure_thermometers",
ID-18,Amos,change_response,Pillars supported by project,"Coordination,       Risk communications, Logistics, other","Coordination, Risk communications, Logistics, other",
ID-25,Amos,change_response,regions,"southbuganda, kampala, kampala southbuganda","South Buganda, Kampala",
ID-25,Amos,change_response,districts,"masaka, kampala, masaka bukomansimbi, masaka","Masaka, Kampala, Bukomansimbi",
ID-26,Mathias/JP,change_response,funding_amount,-55000,55000,
ID-27,Mathias/JP,change_response,donor,Attempting to secure funds through ECW proposal,"Education Cannot Wait, Internal funding",
ID-28,Mathias/JP,change_response,donor,Currently seeking funding through ECW: Hero Project Proposal,"Education Cannot Wait, Internal funding",
ID-3,Amos,change_response,other_donor,This particular donor wants to remain anonymous,Anonymous donor,
ID-3,Amos,change_response,project_status,ongoing_project,ongoing project,
ID-19,Amos,change_response,Pillars supported by project,"        Logistics, other","Logistics, other",
ID-3,Amos,change_response,Activities conducted,"other, none, none, none, hygiene_promotion_sensitization support_community_engagement_meetings, none, mhpss_counsellors, personnel, procure_ppe procure_thermoscanners, recruitment_costs","other, hygiene_promotion_sensitization support_community_engagement_meetings, mhpss_counsellors, personnel, procure_ppe procure_thermoscanners, recruitment_costs",
ID-3,Amos,change_response,regions,kampala,Kampala,
ID-3,Amos,change_response,districts,kampala,Kampala,
ID-33,Mathias/JP,remove_survey,,,,double_counting
ID-34,Amos,change_response,donor,germany,Germany,
ID-34,Amos,change_response,project_status,ongoing_project,ongoing project,
ID-2,Amos,change_response,Pillars supported by project,"Coordination, Infection prevention, Surveillance, Case management, WASH,   Risk communications, Logistics, other","Coordination, Infection prevention, Surveillance, Case management, WASH, Risk communications, Logistics, other",
ID-34,Amos,change_response,Activities conducted,"other, none, none, orientation_workers_rrh activate_ambulance, none, none, none,  procure_ppe, none","other, orientation_workers_rrh activate_ambulance, procure_ppe",
ID-20,Amos,change_response,Pillars supported by project,"Coordination,       Risk communications, Logistics, other","Coordination, Risk communications, Logistics, other",
ID-34,Amos,change_response,regions,"kampala, kampala westnile, kampala","Kampala, Westnile",
ID-34,Amos,change_response,districts,"kampala, kampala, arua","Kampala, Arua",
ID-35,Amos,change_response,donor,germany,Germany,
ID-35,Amos,change_response,project_status,ongoing_project,ongoing project,
ID-22,Amos,change_response,Pillars supported by project,"Coordination, Infection prevention, Surveillance, Case management,    Risk communications,  other","Coordination, Infection prevention, Surveillance, Case management, Risk communications, other",
ID-35,Amos,change_response,Activities conducted,"other, none, none, none, procure_wash_infrastructure support_community_engagement_meetings, none, none,  procure_soap, recruitment_costs","other, procure_wash_infrastructure support_community_engagement_meetings, procure_soap, recruitment_costs",
ID-35,Amos,change_response,regions,"westnile, westnile",Westnile,
ID-35,Amos,change_response,districts,"yumbe arua madiokollo, arua madiokollo","Yumbe, Arua, Madi okollo, Arua, Madi okollo",
ID-36,Amos,change_response,donor,germany,Germany,
ID-36,Amos,change_response,project_status,ongoing_project,ongoing project,
ID-23,Amos,change_response,Pillars supported by project,"Coordination, Infection prevention, Surveillance, Case management, WASH,   Risk communications, Logistics, Human resource","Coordination, Infection prevention, Surveillance, Case management, WASH, Risk communications, Logistics, Human resource",
ID-36,Amos,change_response,Activities conducted,"other, none, none, none, procure_wash_infrastructure hygiene_promotion_sensitization, none, none,  procure_sanitizer procure_soap sanitation_facilities, recruitment_costs","other, procure_wash_infrastructure hygiene_promotion_sensitization, procure_sanitizer procure_soap sanitation_facilities, recruitment_costs",
ID-36,Amos,change_response,regions,westnile,Westnile,
ID-36,Amos,change_response,districts,arua madiokollo,"Arua, Madi okollo",
ID-37,Amos,change_response,other_foreign_donor,Ministry of Foreign Affairs - Finland,Finland,
ID-37,Amos,change_response,project_status,ongoing_project,ongoing project,
ID-25,Amos,change_response,Pillars supported by project,"Coordination, Infection prevention, Surveillance, Case management,     Logistics, other","Coordination, Infection prevention, Surveillance, Case management, Logistics, other",
ID-37,Amos,change_response,Activities conducted,"moh_support_lg other, adapted_ipc_standard_operating_procedures other, other, other, procure_wash_infrastructure, none, mhpss_counsellors, cash, procure_ppe, none","moh_support_lg other, adapted_ipc_standard_operating_procedures other, other, other, procure_wash_infrastructure, mhpss_counsellors, cash, procure_ppe",
ID-3,Amos,change_response,Pillars supported by project,"    WASH,  Mental health, Risk communications, Logistics, Human resource","WASH, Mental health, Risk communications, Logistics, Human resource",
ID-37,Amos,change_response,regions,"bunyoro kampala teso westnile, bunyoro kampala teso westnile, bunyoro teso westnile, bunyoro teso, bunyoro kampala teso","Bunyoro, Kampala, Teso, Westnile",
ID-37,Amos,change_response,districts,"masindi kakumiro hoima, kampala, amuria, yumbe nebbi, masindi hoima, yumbe, masindi buliisa kakumiro kiryandongo hoima, masindi kiryandongo hoima, soroti amuria","Masindi, Kakumiro, Hoima, Kampala, Amuria, Yumbe, Nebbi, Yumbe, Buliisa, Kiryandongo, Soroti, Amuria",
ID-38,Mathias/JP,change_response,funding_amount,15000,45000,
ID-38,Amos,change_response,other_foreign_donor,Ministry of Foreign Affairs - Finland,Finland,
ID-38,Amos,change_response,project_status,ongoing_project,ongoing project,
ID-34,Amos,change_response,Pillars supported by project,"   Case management,     Logistics, other","Case management, Logistics, other",
ID-38,Amos,change_response,Activities conducted,"other, none, none, none, other, none, mhpss_counsellors,  none, none","other, other, mhpss_counsellors",
ID-38,Amos,change_response,regions,"westnile, westnile",Westnile,
ID-38,Amos,change_response,districts,"yumbe, yumbe",Yumbe,
ID-40,Amos,change_response,other_foreign_donor,Italian Government,Italy,
ID-40,Amos,change_response,project_status,ongoing_project,ongoing project,
ID-35,Amos,change_response,Pillars supported by project,"    WASH,    Logistics, Human resource","WASH, Logistics, Human resource",
ID-40,Amos,change_response,Activities conducted,"national_task_force_district_task_force information_product orientation_surge tech_support_lg ehd_districts_wash, adapted_ipc_standard_operating_procedures procure_ipc ipc_refresher_training_and_onsite_mentorship_on_standard_and_transmission, distribute_tools orient_workers_surveillance risk_centre_identification contact_tracing_followup, orientation_workers_rrh assess_readiness activate_ambulance medicine_home_isolation, procure_wash_infrastructure, strengthen_district_data, other, cash supplies personnel, procure_ppe procure_medicine procure_waste_management_supplies procure_thermometers procure_medical_equipment purchase_megaphones_vht print_statutory_instrument procure_sanitizer procure_soap chlorination procure_boots, lab_field_sample_central","national_task_force_district_task_force information_product orientation_surge tech_support_lg ehd_districts_wash, adapted_ipc_standard_operating_procedures procure_ipc ipc_refresher_training_and_onsite_mentorship_on_standard_and_transmission, distribute_tools orient_workers_surveillance risk_centre_identification contact_tracing_followup, orientation_workers_rrh assess_readiness activate_ambulance medicine_home_isolation, procure_wash_infrastructure, strengthen_district_data, other, cash supplies personnel, procure_ppe procure_medicine procure_waste_management_supplies procure_thermometers procure_medical_equipment purchase_megaphones_vht print_statutory_instrument procure_sanitizer procure_soap chlorination procure_boots, lab_field_sample_central",
ID-40,Amos,change_response,regions,karamoja lango,"Karamoja, Lango",
ID-40,Amos,change_response,districts,"moroto nakapiripirit napak amudat nabilatuk, oyam","Moroto, Nakapiripirit, Napak, Amudat, Nabilatuk, Oyam",
ID-41,Amos,change_response,other_foreign_donor,Italian Government,Italy,
ID-41,Amos,change_response,project_status,ongoing_project,ongoing project,
ID-36,Amos,change_response,Pillars supported by project,"    WASH,    Logistics, Human resource","WASH, Logistics, Human resource",
ID-41,Amos,change_response,Activities conducted,"other, none, none, orientation_workers_rrh assess_readiness activate_ambulance medicine_home_isolation, none, strengthen_district_data, none,  none, none","other, orientation_workers_rrh assess_readiness activate_ambulance medicine_home_isolation, strengthen_district_data",
ID-41,Amos,change_response,regions,karamoja,Karamoja,
ID-41,Amos,change_response,districts,moroto nakapiripirit napak amudat nabilatuk,"Moroto, Nakapiripirit, Napak, Amudat, Nabilatuk",
ID-42,Mathias/JP,change_response,funding_amount,100000,15000,error
ID-42,Mathias/JP,change_response,donor,Private Foundations,"Conrad Hilton Foundation, Private donor/foundation",
ID-42,Amos,change_response,project_status,ongoing_project,ongoing project,
ID-37,Amos,change_response,Pillars supported by project,"Coordination, Infection prevention, Surveillance,  WASH,  Mental health, Risk communications, Logistics, other","Coordination, Infection prevention, Surveillance, WASH, Mental health, Risk communications, Logistics, other",
ID-42,Amos,change_response,Activities conducted,"information_product ehd_districts_wash other, adapted_ipc_standard_operating_procedures procure_ipc ipc_refresher_training_and_onsite_mentorship_on_standard_and_transmission surveillance_hospitals, orient_workers_surveillance, assess_readiness medicine_home_isolation, support_engagements_with_authorities procure_wash_infrastructure hygiene_promotion_sensitization support_community_engagement_meetings, other, other, supplies personnel, procure_ppe procure_thermometers offloading_transport procure_sanitizer procure_soap procure_watertanks wash_costs, none","information_product ehd_districts_wash other, adapted_ipc_standard_operating_procedures procure_ipc ipc_refresher_training_and_onsite_mentorship_on_standard_and_transmission surveillance_hospitals, orient_workers_surveillance, assess_readiness medicine_home_isolation, support_engagements_with_authorities procure_wash_infrastructure hygiene_promotion_sensitization support_community_engagement_meetings, other, other, supplies personnel, procure_ppe procure_thermometers offloading_transport procure_sanitizer procure_soap procure_watertanks wash_costs",
ID-42,Amos,change_response,regions,"busoga kampala northbuganda southbuganda, busoga kampala northbuganda southbuganda","Busoga, Kampala, North Buganda, South Buganda",
ID-42,Amos,change_response,districts,"iganga jinja mayuge, kampala, buikwe luwero nakasongola mubende mukono nakaseke mityana, masaka wakiso bukomansimbi mpigi lwengo ssembabule butambala rakai, iganga jinja mayuge, masaka wakiso bukomansimbi lwengo ssembabule butambala rakai, masaka wakiso bukomansimbi lwengo butambala rakai","Iganga, Jinja, Mayuge, Kampala, Buikwe, Luwero, Nakasongola, Mubende, Mukono, Nakaseke, Mityana, Masaka, Wakiso, Bukomansimbi, Mpigi, Lwengo, Ssembabule, Butambala, Rakai",
ID-43,Amos,change_response,donor,internal_funding,Internal funding,
ID-43,Amos,change_response,project_status,ongoing_project,ongoing project,
ID-38,Amos,change_response,Pillars supported by project,"    WASH,  Mental health,   other","WASH, Mental health, other",
ID-43,Amos,change_response,Activities conducted,"other, none, none, none, none, none, none, cash, none, none","other, cash",
ID-43,Amos,change_response,regions,lango toro,"Lango, Toro",
ID-43,Amos,change_response,districts,"amolatar lira, kabarole","Amolatar, Lira, Kabarole",
ID-44,Amos,change_response,donor,unhcr,UNHCR,
ID-44,Amos,change_response,project_status,ongoing_project,ongoing project,
ID-40,Amos,change_response,Pillars supported by project,"Coordination, Infection prevention, Surveillance, Case management, WASH, ICT innovations,  Risk communications, Logistics, Human resource","Coordination, Infection prevention, Surveillance, Case management, WASH, ICT innovations, Risk communications, Logistics, Human resource",
ID-44,Amos,change_response,Activities conducted,"other, other, none, accomodation_food_quarantine_hotels food_assistance_quarantine_other medicine_home_isolation, hygiene_promotion_sensitization support_community_engagement_meetings, budget_tracking_activity_reporting e_meetings emergency_hotline, mhpss_counsellors mhpss_services_supervisor_monitor mhpss_support_materials, cash supplies personnel, procure_ppe, compensation_responders","other, other, accomodation_food_quarantine_hotels food_assistance_quarantine_other medicine_home_isolation, hygiene_promotion_sensitization support_community_engagement_meetings, budget_tracking_activity_reporting e_meetings emergency_hotline, mhpss_counsellors mhpss_services_supervisor_monitor mhpss_support_materials, cash supplies personnel, procure_ppe, compensation_responders",
ID-41,Amos,change_response,Pillars supported by project,"   Case management,  ICT innovations,    other","Case management, ICT innovations, other",
ID-44,Amos,change_response,regions,"westnile, westnile",Westnile,
ID-44,Amos,change_response,districts,"arua koboko, arua koboko","Arua, Koboko",
ID-45,Amos,change_response,donor,denmark,Denmark,
ID-45,Amos,change_response,project_status,ongoing_project,ongoing project,
ID-42,Amos,change_response,Pillars supported by project,"Coordination, Infection prevention, Surveillance, Case management, WASH, ICT innovations,  Risk communications, Logistics, other","Coordination, Infection prevention, Surveillance, Case management, WASH, ICT innovations, Risk communications, Logistics, other",
ID-45,Amos,change_response,Activities conducted,"tech_support_lg ehd_districts_wash, other, none, none, none, none, none, cash supplies personnel, procure_ppe, compensation_responders","tech_support_lg ehd_districts_wash, other, cash supplies personnel, procure_ppe, compensation_responders",
ID-45,Amos,change_response,regions,"acholi westnile, acholi westnile, westnile","Acholi, Westnile",
ID-45,Amos,change_response,districts,"lamwo kitgum agago, pakwach zombo adjumani arua nebbi koboko moyo madiokollo, lamwo kitgum agago, pakwach zombo yumbe adjumani arua nebbi koboko moyo madiokollo","Lamwo, Kitgum, Agago, Pakwach, Zombo, Adjumani, Arua, Nebbi, Koboko, Moyo, Madi okollo, Lamwo, Kitgum, Agago, Pakwach, Zombo, Yumbe",
ID-46,Amos,change_response,donor,denmark,Denmark,
ID-46,Amos,change_response,project_status,ongoing_project,ongoing project,
ID-43,Amos,change_response,Pillars supported by project,"       Risk communications,  other","Risk communications, other",
ID-46,Amos,change_response,Activities conducted,"other, none, none, none, procure_wash_infrastructure hygiene_promotion_sensitization support_community_engagement_meetings support_operationalization_of_wash_committees, none, none, supplies personnel, none, compensation_responders","other, procure_wash_infrastructure hygiene_promotion_sensitization support_community_engagement_meetings support_operationalization_of_wash_committees, supplies personnel, compensation_responders",
ID-46,Amos,change_response,regions,westnile,Westnile,
ID-46,Amos,change_response,districts,arua,Arua,
ID-47,Amos,change_response,donor,eu,European Union (EU),
ID-47,Amos,change_response,project_status,ongoing_project,ongoing project,
ID-44,Amos,change_response,Pillars supported by project,"Coordination,   Case management, WASH, ICT innovations, Mental health, Risk communications, Logistics, Human resource","Coordination, Case management, WASH, ICT innovations, Mental health, Risk communications, Logistics, Human resource",
ID-47,Amos,change_response,Activities conducted,"other, none, none, none, none, none, none, cash supplies personnel, procure_ppe, compensation_responders","other, cash supplies personnel, procure_ppe, compensation_responders",
ID-45,Amos,change_response,Pillars supported by project,"Coordination,       Risk communications, Logistics, Human resource","Coordination, Risk communications, Logistics, Human resource",
ID-47,Amos,change_response,regions,westnile,Westnile,
ID-47,Amos,change_response,districts,yumbe adjumani,"Yumbe, Adjumani",
ID-48,Amos,change_response,donor,eu,European Union (EU),
ID-48,Amos,change_response,project_status,ongoing_project,ongoing project,
ID-46,Amos,change_response,Pillars supported by project,"    WASH,   Risk communications,  Human resource","WASH, Risk communications, Human resource",
ID-48,Amos,change_response,Activities conducted,"other, none, none, none, none, none, none, cash supplies personnel, procure_ppe, compensation_responders","other, cash supplies personnel, procure_ppe, compensation_responders",
ID-48,Amos,change_response,regions,ankole toro,"Ankole, Toro",
ID-48,Amos,change_response,districts,"isingiro, kyegegwa","Isingiro, Kyegegwa",
ID-52,Amos,change_response,donor,us  Spain,"United States of America (USA), Spain",
ID-52,Amos,change_response,project_status,ongoing_project,ongoing project,
ID-47,Amos,change_response,Pillars supported by project,"       Risk communications, Logistics, Human resource","Risk communications, Logistics, Human resource",
ID-52,Amos,change_response,Activities conducted,"other, other, none, other, none, none, other, personnel, procure_waste_management_supplies procure_soap, none","other, other, other, other, personnel, procure_waste_management_supplies procure_soap",
ID-52,Amos,change_response,regions,kampala,Kampala,
ID-52,Amos,change_response,districts,kampala,Kampala,
ID-53,Amos,change_response,donor,ireland  Spain,"Ireland, Spain",
ID-53,Amos,change_response,project_status,ongoing_project,ongoing project,
ID-48,Amos,change_response,Pillars supported by project,"       Risk communications, Logistics, Human resource","Risk communications, Logistics, Human resource",
ID-53,Amos,change_response,Activities conducted,"tech_support_lg, other, none, none, none, none, other,  none, none","tech_support_lg, other, other",
ID-53,Amos,change_response,regions,westnile,Westnile,
ID-53,Amos,change_response,districts,adjumani,Adjumani,
ID-54,Mathias/JP,change_response,funding_amount,5500,550000,error
ID-55,Amos,change_response,donor,"International Gorilla Conservation Programme, Arcus Foundation, Solidaridad, internal_funding","International Gorilla Conservation Programme, Arcus Foundation, Solidaridad, Internal funding",
ID-55,Amos,change_response,project_status,new_project,new project,
ID-52,Amos,change_response,Pillars supported by project,"Coordination,   Case management,   Mental health, Risk communications, Logistics, other","Coordination, Case management, Mental health, Risk communications, Logistics, other",
ID-55,Amos,change_response,Activities conducted,"tech_support_lg other, ipc_refresher_training_and_onsite_mentorship_on_standard_and_transmission other, contact_tracing_followup, other, support_engagements_with_authorities procure_wash_infrastructure hygiene_promotion_sensitization support_community_engagement_meetings, none, none, supplies personnel, procure_ppe procure_soap, none","tech_support_lg other, ipc_refresher_training_and_onsite_mentorship_on_standard_and_transmission other, contact_tracing_followup, other, support_engagements_with_authorities procure_wash_infrastructure hygiene_promotion_sensitization support_community_engagement_meetings, supplies personnel, procure_ppe procure_soap",
ID-53,Amos,change_response,Pillars supported by project,"Coordination,      Mental health,   other","Coordination, Mental health, other",
ID-55,Amos,change_response,regions,kigezi,Kigezi,
ID-55,Amos,change_response,districts,rubanda kanungu kisoro,"Rubanda, Kanungu, Kisoro",
ID-56,Mathias/JP,remove_survey,,,,double_counting
ID-56,Harith,change_response,name_agency,Conservation Through Public Health (CTPH),Conservation Through Public Health,
ID-57,Amos,change_response,project_status,new_project,new project,
ID-55,Amos,change_response,Pillars supported by project,"Coordination, Infection prevention, Surveillance,  WASH,   Risk communications, Logistics, other","Coordination, Infection prevention, Surveillance,  WASH, Risk communications, Logistics, other",
ID-57,Amos,change_response,Activities conducted,"ehd_districts_wash, other, none, none, procure_wash_infrastructure hygiene_promotion_sensitization support_community_engagement_meetings, e_meetings, none, cash supplies, procure_watertanks, none","ehd_districts_wash, other, procure_wash_infrastructure hygiene_promotion_sensitization support_community_engagement_meetings, e_meetings, cash supplies, procure_watertanks",
ID-57,Amos,change_response,regions,"bukedi elgon, bukedi elgon","Bukedi, Elgon",
ID-57,Amos,change_response,districts,"busia, bududa manafwa mbale, busia, busia budaka butaleja kibuku, sironko mbale bulambuli","Busia, Bududa, Manafwa, Mbale, Budaka, Butaleja, Kibuku, Sironko, Bulambuli",
ID-58,Mathias/JP,change_response,funding_amount,680000,432259,
ID-58,Mathias/JP,change_response,donor,other,internal_funds ,
ID-58,Amos,change_response,project_status,ongoing_project,ongoing project,
ID-57,Amos,change_response,Pillars supported by project,"Coordination,    WASH, ICT innovations,  Risk communications, Logistics, other","Coordination, WASH, ICT innovations, Risk communications, Logistics, other",
ID-58,Amos,change_response,Activities conducted,"national_task_force_district_task_force information_product, other, none, none, support_engagements_with_authorities procure_wash_infrastructure support_community_engagement_meetings, e_meetings, mhpss_counsellors mhpss_services_supervisor_monitor mhpss_support_materials, cash supplies, procure_waste_management_supplies wash_costs, none","national_task_force_district_task_force information_product, other, support_engagements_with_authorities procure_wash_infrastructure support_community_engagement_meetings, e_meetings, mhpss_counsellors mhpss_services_supervisor_monitor mhpss_support_materials, cash supplies, procure_waste_management_supplies wash_costs",
ID-58,Amos,change_response,Pillars supported by project,"Coordination,    WASH, ICT innovations, Mental health, Risk communications, Logistics, other","Coordination, WASH, ICT innovations, Mental health, Risk communications, Logistics, other",
ID-58,Amos,change_response,regions,"acholi bukedi bunyoro busoga elgon kampala lango northbuganda southbuganda teso, acholi bukedi bunyoro busoga elgon kampala lango northbuganda southbuganda teso, acholi bukedi bunyoro busoga elgon lango northbuganda southbuganda teso","Acholi, Bukedi, Bunyoro, Busoga, Elgon, Kampala, Lango, North Buganda, South Buganda, Teso",
ID-58,Amos,change_response,districts,"kitgum gulu agago, busia budaka butaleja kibuku, masindi kiryandongo, kamuli jinja mayuge, sironko mbale bulambuli, kampala, kole dokolo kwania, kyankwanzi, wakiso, kaberamaido soroti serere amuria katakwi kapelebyong, kitgum gulu agago","Kitgum, Gulu, Agago, Busia, Budaka, Butaleja, Kibuku, Masindi, Kiryandongo, Kamuli, Jinja, Mayuge, Sironko, Mbale, Bulambuli, Kampala, Kole, Dokolo, Kwania, Kyankwanzi, Wakiso, Kaberamaido, Soroti, Serere, Amuria, Katakwi, Kapelebyong",
ID-59,Mathias/JP,change_response,funding_amount,400000,405000,aditional funding
ID-59,Mathias/JP,change_response,other_donor,PEPFAR through Centre for Disease Control and Prevention (CDC),"PEPFAR through Centre for Disease Control and Prevention (CDC), Baylor college of medicine children foundation",Baylor college of medicine children foundation
ID-59,Amos,change_response,project_status,ongoing_project,ongoing project,
ID-59,Amos,change_response,Pillars supported by project,"Coordination, Infection prevention, Surveillance, Case management, WASH, ICT innovations,  Risk communications, Logistics, Human resource","Coordination, Infection prevention, Surveillance, Case management, WASH, ICT innovations, Risk communications, Logistics, Human resource",
ID-59,Amos,change_response,Activities conducted,"assessments_national_rapid_response tech_support_lg other, procure_ipc ipc_refresher_training_and_onsite_mentorship_on_standard_and_transmission, rapid_risk_capacity_assessment_district other, orientation_workers_rrh orientation_detection_linking_isolation_facilities assess_readiness medicine_home_isolation, procure_wash_infrastructure, implement_elmis emergency_hotline other, other, cash supplies, procure_ppe procure_waste_management_supplies procure_thermometers procure_sanitizer procure_bottles handwashing_facility procure_soap, other","assessments_national_rapid_response tech_support_lg other, procure_ipc ipc_refresher_training_and_onsite_mentorship_on_standard_and_transmission, rapid_risk_capacity_assessment_district other, orientation_workers_rrh orientation_detection_linking_isolation_facilities assess_readiness medicine_home_isolation, procure_wash_infrastructure, implement_elmis emergency_hotline other, other, cash supplies, procure_ppe procure_waste_management_supplies procure_thermometers procure_sanitizer procure_bottles handwashing_facility procure_soap, other",
ID-59,Amos,change_response,regions,toro,Toro,
ID-59,Amos,change_response,districts,kabarole bunyangabu kyegegwa kyenjojo kasese kamwenge ntoroko bundibugyo kitagwenda,"Kabarole, Bunyangabu, Kyegegwa, Kyenjojo, Kasese, Kamwenge, Ntoroko, Bundibugyo, Kitagwenda",
ID-6,Amos,change_response,donor,germany,Germany,
ID-6,Amos,change_response,project_status,new_project,new project,
ID-6,Amos,change_response,Pillars supported by project,"      Mental health, Risk communications,  other","Mental health, Risk communications, other",
ID-6,Amos,change_response,Activities conducted,"other, none, none, none, none, none, mhpss_counsellors, cash personnel, none, none","other, mhpss_counsellors, cash personnel",
ID-6,Amos,change_response,regions,kampala,Kampala,
ID-6,Amos,change_response,districts,kampala,Kampala,
ID-65,Amos,change_response,other_foreign_donor,Government of Austria,Austria,
ID-70,Amos,change_response,other_foreign_donor,The Republic of Korea (South Korea),South Korea,
ID-74,Amos,change_response,project_status,ongoing_project,ongoing project,
ID-74,Amos,change_response,Pillars supported by project,"Coordination, Infection prevention,     Mental health, Risk communications,  other","Coordination, Infection prevention, Mental health, Risk communications, other",
ID-74,Amos,change_response,Activities conducted,"tech_support_lg, other, other, none, none, none, mhpss_services_supervisor_monitor, supplies, none, none","tech_support_lg, other, other, mhpss_services_supervisor_monitor, supplies",
ID-74,Amos,change_response,regions,karamoja,Karamoja,
ID-74,Amos,change_response,districts,moroto amudat,"Moroto, Amudat",
ID-75,Mathias/JP,change_response,funding_amount,117000,282000,
ID-76,Mathias/JP,change_response,funding_amount,118000,180000,
ID-77,Mathias/JP,remove_survey,,,,
ID-79,Amos,change_response,project_status,new_project,new project,
ID-79,Amos,change_response,Pillars supported by project,"Coordination, Infection prevention, Surveillance, Case management, WASH, ICT innovations, Mental health, Risk communications, Logistics, Human resource","Coordination, Infection prevention, Surveillance, Case management, WASH, ICT innovations, Mental health, Risk communications, Logistics, Human resource",
ID-79,Amos,change_response,Activities conducted,"national_task_force_district_task_force tech_support_lg ehd_districts_wash, procure_ipc ipc_refresher_training_and_onsite_mentorship_on_standard_and_transmission, rapid_risk_capacity_assessment_district distribute_tools entry_point_supervisors case_investigation contact_tracing_followup, accomodation_food_quarantine_hotels food_assistance_quarantine_other, support_engagements_with_authorities procure_wash_infrastructure hygiene_promotion_sensitization support_community_engagement_meetings support_operationalization_of_wash_committees, e_meetings, mhpss_counsellors, supplies personnel, procure_ppe procure_waste_management_supplies procure_thermometers procure_bottles procure_soap procure_watertanks chlorination procure_boots wash_costs, border_health_staff","national_task_force_district_task_force tech_support_lg ehd_districts_wash, procure_ipc ipc_refresher_training_and_onsite_mentorship_on_standard_and_transmission, rapid_risk_capacity_assessment_district distribute_tools entry_point_supervisors case_investigation contact_tracing_followup, accomodation_food_quarantine_hotels food_assistance_quarantine_other, support_engagements_with_authorities procure_wash_infrastructure hygiene_promotion_sensitization support_community_engagement_meetings support_operationalization_of_wash_committees, e_meetings, mhpss_counsellors, supplies personnel, procure_ppe procure_waste_management_supplies procure_thermometers procure_bottles procure_soap procure_watertanks chlorination procure_boots wash_costs, border_health_staff",
ID-79,Amos,change_response,regions,"bunyoro kampala kigezi toro, bunyoro kampala kigezi toro","Bunyoro, Kampala, Kigezi,Toro, Bunyoro",
ID-79,Amos,change_response,districts,"kikuube, kampala, kanungu kisoro, ntoroko bundibugyo, kikuube, kanungu","Kikuube, Kampala, Kanungu, Kisoro, Ntoroko, Bundibugyo",
ID-80,Amos,change_response,donor,wfp,World Food Programme (WFP),
ID-80,Amos,change_response,project_status,ongoing_project,ongoing project,
ID-80,Amos,change_response,Pillars supported by project,"Coordination,       Risk communications, Logistics, other","Coordination, Risk communications, Logistics, other",
ID-80,Amos,change_response,Activities conducted,"tech_support_lg, other, none, none, none, none, none, supplies personnel, procure_sanitizer procure_soap chlorination, none","tech_support_lg, other, supplies personnel, procure_sanitizer procure_soap chlorination",
ID-80,Amos,change_response,regions,"bunyoro westnile, bunyoro, bunyoro westnile","Bunyoro, Westnile",
ID-80,Amos,change_response,districts,"kikuube kiryandongo, yumbe adjumani koboko, kikuube, kikuube kiryandongo","Kikuube, Kiryandongo, Yumbe, Adjumani, Koboko",
ID-81,Amos,change_response,donor,eu,European Union (EU),
ID-81,Amos,change_response,project_status,ongoing_project,ongoing project,
ID-81,Amos,change_response,Pillars supported by project,"    WASH,   Risk communications, Logistics, other","WASH, Risk communications, Logistics, other",
ID-81,Amos,change_response,Activities conducted,"other, none, none, none, procure_wash_infrastructure hygiene_promotion_sensitization, none, none, supplies personnel, procure_sanitizer procure_soap chlorination, none","other, procure_wash_infrastructure, hygiene_promotion_sensitization, supplies personnel, procure_sanitizer, procure_soap chlorination",
ID-81,Amos,change_response,regions,bunyoro,Bunyoro,
ID-81,Amos,change_response,districts,kikuube,Kikuube,
ID-82,Amos,change_response,donor,sweden,Sweden,
ID-82,Amos,change_response,project_status,ongoing_project,ongoing project,
ID-82,Amos,change_response,Pillars supported by project,"Coordination,         other","Coordination, other",
ID-82,Amos,change_response,Activities conducted,"tech_support_lg, other, none, none, none, none, none,  none, none","tech_support_lg, other",
ID-82,Amos,change_response,regions,bunyoro westnile,"Bunyoro, Westnile",
ID-82,Amos,change_response,districts,"kiryandongo, adjumani","Kiryandongo, Adjumani",
ID-83,Amos,change_response,donor,eu,European Union (EU),
ID-83,Amos,change_response,project_status,ongoing_project,ongoing project,
ID-83,Amos,change_response,Pillars supported by project,"Coordination,       Risk communications, Logistics, other","Coordination, Risk communications, Logistics, other",
ID-83,Amos,change_response,Activities conducted,"tech_support_lg, other, none, none, none, none, none, supplies personnel, procure_sanitizer procure_soap chlorination, none","tech_support_lg, other, supplies personnel, procure_sanitizer, procure_soap chlorination",
ID-83,Amos,change_response,regions,westnile,Westnile,
ID-83,Amos,change_response,districts,adjumani,Adjumani,
ID-85,Mathias/JP,remove_survey,,,,double_counting
ID-85,Harith,remove_survey,,,,UNFPA the 9 entries removed
ID-86,Mathias/JP,remove_survey,,,,double_counting
ID-86,Harith,remove_survey,,,,UNFPA the 9 entries removed
ID-87,Mathias/JP,remove_survey,,,,double_counting
ID-87,Harith,remove_survey,,,,UNFPA the 9 entries removed
ID-88,Mathias/JP,remove_survey,,,,double_counting
ID-88,Harith,remove_survey,,,,UNFPA the 9 entries removed
ID-89,Mathias/JP,remove_survey,,,,double_counting
ID-89,Harith,remove_survey,,,,UNFPA the 9 entries removed
ID-90,Mathias/JP,remove_survey,,,,double_counting
ID-90,Harith,remove_survey,,,,UNFPA the 9 entries removed
ID-90,Amos,change_response,other_foreign_donor,Government of Austria,Austria,
ID-91,Mathias/JP,remove_survey,,,,double_counting
ID-91,Harith,remove_survey,,,,UNFPA the 9 entries removed
ID-92,Mathias/JP,remove_survey,,,,double_counting
ID-92,Harith,remove_survey,,,,UNFPA the 9 entries removed
ID-92,Amos,change_response,other_foreign_donor,The Republic of Korea (South Korea),South Korea,
ID-93,Mathias/JP,remove_survey,,,,double_counting
ID-93,Harith,remove_survey,,,,UNFPA the 9 entries removed
ID-96,Amos,change_response,donor,crowdfunding,Crowdfunding,
ID-98,Amos,change_response,donor,Private Donors,"Conrad Hilton Foundation, Private donor/foundation",
ID-98,Amos,change_response,project_status,new_project,new project,
ID-98,Amos,change_response,Pillars supported by project,"Coordination, Infection prevention, Surveillance, Case management, WASH, ICT innovations,  Risk communications, Logistics, Human resource","Coordination, Infection prevention, Surveillance, Case management, WASH, ICT innovations,  Risk communications, Logistics, Human resource",
ID-98,Amos,change_response,Activities conducted,"information_product other, adapted_ipc_standard_operating_procedures procure_ipc ipc_refresher_training_and_onsite_mentorship_on_standard_and_transmission surveillance_hospitals, orient_workers_surveillance, orientation_detection_linking_isolation_facilities assess_readiness, procure_wash_infrastructure, other, other, personnel, procure_ppe procure_thermometers procure_sanitizer procure_soap wash_costs, compensation_health_providers","information_product other, adapted_ipc_standard_operating_procedures procure_ipc ipc_refresher_training_and_onsite_mentorship_on_standard_and_transmission surveillance_hospitals, orient_workers_surveillance, orientation_detection_linking_isolation_facilities assess_readiness, procure_wash_infrastructure, other, other, personnel, procure_ppe procure_thermometers procure_sanitizer procure_soap wash_costs, compensation_health_providers",
ID-98,Amos,change_response,regions,busoga kampala northbuganda southbuganda,"Busoga, Kampala, North Buganda, South Buganda",
ID-98,Amos,change_response,districts,"iganga jinja mayuge, kampala, buikwe nakasongola mubende mukono nakaseke mityana, masaka wakiso bukomansimbi mpigi lwengo ssembabule butambala kyotera rakai","Iganga, Jinja, Mayuge, Kampala, Buikwe, Nakasongola, Mubende, Mukono, Nakaseke, Mityana, Masaka, Wakiso, Bukomansimbi, Mpigi, Lwengo, Ssembabule, Butambala Kyotera, Rakai",
ID-99,Amos,change_response,donor,small private funders,"Conrad Hilton Foundation, Private donor/foundation",
ID-99,Amos,change_response,project_status,ongoing_project,ongoing project,
ID-99,Amos,change_response,Pillars supported by project,"Coordination, Infection prevention,   WASH, ICT innovations,    other","Coordination, Infection prevention, WASH, ICT innovations, other",
ID-99,Amos,change_response,Activities conducted,"monitor_plan_implementation information_product, adapted_ipc_standard_operating_procedures procure_ipc ipc_refresher_training_and_onsite_mentorship_on_standard_and_transmission surveillance_hospitals, other, none, hygiene_promotion_sensitization support_community_engagement_meetings, other, none,  none, none","monitor_plan_implementation information_product, adapted_ipc_standard_operating_procedures procure_ipc ipc_refresher_training_and_onsite_mentorship_on_standard_and_transmission surveillance_hospitals, other, hygiene_promotion_sensitization support_community_engagement_meetings, other",
ID-99,Amos,change_response,regions,busoga kampala northbuganda southbuganda,"Busoga, Kampala, North Buganda, South Buganda",
ID-99,Amos,change_response,districts,"iganga jinja mayuge, kampala, buikwe luwero nakasongola mubende mukono nakaseke mityana, masaka wakiso bukomansimbi mpigi lwengo butambala kyotera rakai","Iganga, Jinja, Mayuge, Kampala, Buikwe, Luwero, Nakasongola, Mubende, Mukono, Nakaseke, Mityana, Masaka, Wakiso, Bukomansimbi, Mpigi, Lwengo, Butambala, Kyotera, Rakai",
